﻿{
  "configurations": [
    {
      "name": "x64-Debug",
      "generator": "Ninja",
      "configurationType": "Debug",
      "inheritEnvironments": [ "msvc_x64" ],
      "buildRoot": "${projectDir}\\out\\build\\${name}",
      "installRoot": "${projectDir}\\out\\install\\${name}",
      "cmakeCommandArgs": "",
      "buildCommandArgs": "-v",
      "ctestCommandArgs": "",
      "variables": [
        {
          "name": "UNITTEST_LIBRARY",
          "value": "$$(VCInstallDir)/Auxiliary/VS/UnitTest/lib/x64/Microsoft.VisualStudio.TestTools.CppUnitTestFramework.lib",
          "type": "FILEPATH"
        }
      ],
      "intelliSenseMode": "windows-msvc-x64"
    }
  ]
}